eval_loss,eval_accuracy,eval_f1,eval_precision,eval_recall,epoch,timestamp,train_dataset,test_dataset,text_type_train,text_type_test,is_use_text,is_use_sources,is_use_authors,is_use_tweets,is_use_retweets,is_truncated,is_ensemble,random_state,is_hp_search,learning_rate,train_batch_size,eval_batch_size,gradient_accumulation_steps,weight_decay
0.510613858699799,0.76969696969697,0.73972602739726,0.76056338028169,0.72,3,2021-08-08 12:53:13.004663,politifact,politifact,basic,basic,True,False,False,False,False,True,False,50,False,5E-05,8,8,1,0.01
0.480214148759842,0.824242424242424,0.805369127516779,0.810810810810811,0.8,3,2021-08-08 12:54:46.485978,politifact,politifact,basic,basic,True,False,False,False,False,True,False,51,False,5E-05,8,8,1,0.01
0.483737289905548,0.824242424242424,0.810457516339869,0.794871794871795,0.826666666666667,3,2021-08-08 12:56:21.392331,politifact,politifact,basic,basic,True,False,False,False,False,True,False,52,False,5E-05,8,8,1,0.01
0.488317489624023,0.76969696969697,0.746666666666667,0.746666666666667,0.746666666666667,3,2021-08-08 12:57:55.898894,politifact,politifact,basic,basic,True,False,False,False,False,True,False,53,False,5E-05,8,8,1,0.01
0.486922204494476,0.8,0.781456953642384,0.776315789473684,0.786666666666667,3,2021-08-08 12:59:34.323414,politifact,politifact,basic,basic,True,False,False,False,False,True,False,54,False,5E-05,8,8,1,0.01
0.516457438468933,0.818181818181818,0.794520547945206,0.816901408450704,0.773333333333333,3,2021-08-08 13:01:08.360554,politifact,politifact,basic,basic,True,False,False,False,False,True,False,55,False,5E-05,8,8,1,0.01
0.473105043172836,0.836363636363636,0.832298136645963,0.779069767441861,0.893333333333333,3,2021-08-08 13:02:47.761830,politifact,politifact,basic,basic,True,False,False,False,False,True,False,56,False,5E-05,8,8,1,0.01
0.480666786432266,0.866666666666667,0.855263157894737,0.844155844155844,0.866666666666667,3,2021-08-08 13:04:28.828944,politifact,politifact,basic,basic,True,False,False,False,False,True,False,57,False,5E-05,8,8,1,0.01
0.459436535835266,0.872727272727273,0.855172413793103,0.885714285714286,0.826666666666667,3,2021-08-08 13:06:04.397141,politifact,politifact,basic,basic,True,False,False,False,False,True,False,58,False,5E-05,8,8,1,0.01
0.477565407752991,0.848484848484848,0.832214765100671,0.837837837837838,0.826666666666667,3,2021-08-08 13:07:40.707639,politifact,politifact,basic,basic,True,False,False,False,False,True,False,59,False,5E-05,8,8,1,0.01
0.416411608457565,0.896969696969697,0.888888888888889,0.871794871794872,0.906666666666667,3,2021-08-08 13:09:45.353512,politifact,politifact,basic,basic,True,False,False,False,False,True,False,50,False,5E-05,8,8,1,0.01
0.217699736356735,0.945454545454545,0.938775510204082,0.958333333333333,0.92,3,2021-08-08 13:11:56.513685,politifact,politifact,basic,basic,True,False,False,False,False,True,False,51,False,5E-05,8,8,1,0.01
0.308698564767838,0.921212121212121,0.915032679738562,0.897435897435897,0.933333333333333,3,2021-08-08 13:14:08.215887,politifact,politifact,basic,basic,True,False,False,False,False,True,False,52,False,5E-05,8,8,1,0.01
0.470318228006363,0.896969696969697,0.879432624113475,0.939393939393939,0.826666666666667,3,2021-08-08 13:16:17.860175,politifact,politifact,basic,basic,True,False,False,False,False,True,False,53,False,5E-05,8,8,1,0.01
0.284652560949326,0.921212121212121,0.91156462585034,0.930555555555556,0.893333333333333,3,2021-08-08 13:18:29.315543,politifact,politifact,basic,basic,True,False,False,False,False,True,False,54,False,5E-05,8,8,1,0.01
0.321451216936111,0.933333333333333,0.925170068027211,0.944444444444444,0.906666666666667,3,2021-08-08 13:20:45.333954,politifact,politifact,basic,basic,True,False,False,False,False,True,False,55,False,5E-05,8,8,1,0.01
0.192056387662888,0.951515151515152,0.946666666666667,0.946666666666667,0.946666666666667,3,2021-08-08 13:22:58.475138,politifact,politifact,basic,basic,True,False,False,False,False,True,False,56,False,5E-05,8,8,1,0.01
0.427994340658188,0.903030303030303,0.884057971014493,0.968253968253968,0.813333333333333,3,2021-08-08 13:25:11.327241,politifact,politifact,basic,basic,True,False,False,False,False,True,False,57,False,5E-05,8,8,1,0.01
0.2891606092453,0.927272727272727,0.916666666666667,0.956521739130435,0.88,3,2021-08-08 13:27:25.748345,politifact,politifact,basic,basic,True,False,False,False,False,True,False,58,False,5E-05,8,8,1,0.01
0.240832030773163,0.939393939393939,0.934210526315789,0.922077922077922,0.946666666666667,3,2021-08-08 13:29:38.207785,politifact,politifact,basic,basic,True,False,False,False,False,True,False,59,False,5E-05,8,8,1,0.01
0.26722976565361,0.933333333333333,0.926174496644295,0.932432432432432,0.92,3,2021-08-08 13:33:37.795978,politifact,politifact,basic,basic,True,False,False,False,False,False,False,50,False,5E-05,8,8,1,0.01
0.258336752653122,0.939393939393939,0.932432432432432,0.945205479452055,0.92,3,2021-08-08 13:37:36.912504,politifact,politifact,basic,basic,True,False,False,False,False,False,False,51,False,5E-05,8,8,1,0.01
0.398103326559067,0.909090909090909,0.899328859060403,0.905405405405405,0.893333333333333,3,2021-08-08 13:41:40.584245,politifact,politifact,basic,basic,True,False,False,False,False,False,False,52,False,5E-05,8,8,1,0.01
0.416052937507629,0.915151515151515,0.904109589041096,0.929577464788732,0.88,3,2021-08-08 13:45:44.785911,politifact,politifact,basic,basic,True,False,False,False,False,False,False,53,False,5E-05,8,8,1,0.01
0.477131873369217,0.903030303030303,0.893333333333333,0.893333333333333,0.893333333333333,3,2021-08-08 13:49:48.866654,politifact,politifact,basic,basic,True,False,False,False,False,False,False,54,False,5E-05,8,8,1,0.01
0.427522867918015,0.909090909090909,0.893617021276596,0.954545454545455,0.84,3,2021-08-08 13:53:53.368197,politifact,politifact,basic,basic,True,False,False,False,False,False,False,55,False,5E-05,8,8,1,0.01
0.148915812373161,0.957575757575757,0.95364238410596,0.947368421052632,0.96,3,2021-08-08 13:57:49.235839,politifact,politifact,basic,basic,True,False,False,False,False,False,False,56,False,5E-05,8,8,1,0.01
0.242195382714272,0.945454545454545,0.938775510204082,0.958333333333333,0.92,3,2021-08-08 14:01:51.912472,politifact,politifact,basic,basic,True,False,False,False,False,False,False,57,False,5E-05,8,8,1,0.01
0.370031237602234,0.939393939393939,0.934210526315789,0.922077922077922,0.946666666666667,3,2021-08-08 14:05:57.411601,politifact,politifact,basic,basic,True,False,False,False,False,False,False,58,False,5E-05,8,8,1,0.01
0.185765981674194,0.945454545454545,0.937062937062937,0.985294117647059,0.893333333333333,3,2021-08-08 14:10:03.842859,politifact,politifact,basic,basic,True,False,False,False,False,False,False,59,False,5E-05,8,8,1,0.01
0.365013986825943,0.915151515151515,0.91025641025641,0.876543209876543,0.946666666666667,3,2021-08-08 14:14:25.666331,politifact,politifact,extractive,extractive,True,False,False,False,False,False,False,50,False,5E-05,8,8,1,0.01
0.269270092248917,0.945454545454545,0.938775510204082,0.958333333333333,0.92,3,2021-08-08 14:18:20.537808,politifact,politifact,extractive,extractive,True,False,False,False,False,False,False,51,False,5E-05,8,8,1,0.01
0.615100145339966,0.884848484848485,0.875816993464052,0.858974358974359,0.893333333333333,3,2021-08-08 14:22:15.715770,politifact,politifact,extractive,extractive,True,False,False,False,False,False,False,52,False,5E-05,8,8,1,0.01
0.477767586708069,0.909090909090909,0.895104895104895,0.941176470588235,0.853333333333333,3,2021-08-08 14:26:09.129767,politifact,politifact,extractive,extractive,True,False,False,False,False,False,False,53,False,5E-05,8,8,1,0.01
0.382145285606384,0.921212121212121,0.913907284768212,0.907894736842105,0.92,3,2021-08-08 14:30:04.317456,politifact,politifact,extractive,extractive,True,False,False,False,False,False,False,54,False,5E-05,8,8,1,0.01
0.393502295017242,0.927272727272727,0.916666666666667,0.956521739130435,0.88,3,2021-08-08 14:33:59.268041,politifact,politifact,extractive,extractive,True,False,False,False,False,False,False,55,False,5E-05,8,8,1,0.01
0.246533244848251,0.927272727272727,0.918918918918919,0.931506849315068,0.906666666666667,3,2021-08-08 14:37:53.863016,politifact,politifact,extractive,extractive,True,False,False,False,False,False,False,56,False,5E-05,8,8,1,0.01
0.312594145536423,0.939393939393939,0.930555555555556,0.971014492753623,0.893333333333333,3,2021-08-08 14:41:53.274714,politifact,politifact,extractive,extractive,True,False,False,False,False,False,False,57,False,5E-05,8,8,1,0.01
0.338711321353912,0.933333333333333,0.925170068027211,0.944444444444444,0.906666666666667,3,2021-08-08 14:45:50.748665,politifact,politifact,extractive,extractive,True,False,False,False,False,False,False,58,False,5E-05,8,8,1,0.01
0.226799473166466,0.927272727272727,0.92,0.92,0.92,3,2021-08-08 14:49:48.801508,politifact,politifact,extractive,extractive,True,False,False,False,False,False,False,59,False,5E-05,8,8,1,0.01
0.522520363330841,0.903030303030303,0.897435897435897,0.864197530864197,0.933333333333333,3,2021-08-08 14:54:07.134943,politifact,politifact,abstractive,abstractive,True,False,False,False,False,False,False,50,False,5E-05,8,8,1,0.01
0.332653164863586,0.933333333333333,0.926174496644295,0.932432432432432,0.92,3,2021-08-08 14:57:57.451003,politifact,politifact,abstractive,abstractive,True,False,False,False,False,False,False,51,False,5E-05,8,8,1,0.01
0.524077534675598,0.890909090909091,0.8875,0.835294117647059,0.946666666666667,3,2021-08-08 15:01:48.744526,politifact,politifact,abstractive,abstractive,True,False,False,False,False,False,False,52,False,5E-05,8,8,1,0.01
0.32253834605217,0.921212121212121,0.910344827586207,0.942857142857143,0.88,3,2021-08-08 15:05:38.434234,politifact,politifact,abstractive,abstractive,True,False,False,False,False,False,False,53,False,5E-05,8,8,1,0.01
0.479677617549896,0.909090909090909,0.900662251655629,0.894736842105263,0.906666666666667,3,2021-08-08 15:09:23.220177,politifact,politifact,abstractive,abstractive,True,False,False,False,False,False,False,54,False,5E-05,8,8,1,0.01
0.427315771579742,0.927272727272727,0.915492957746479,0.970149253731343,0.866666666666667,3,2021-08-08 15:13:07.155713,politifact,politifact,abstractive,abstractive,True,False,False,False,False,False,False,55,False,5E-05,8,8,1,0.01
0.268518656492233,0.939393939393939,0.935064935064935,0.911392405063291,0.96,3,2021-08-08 15:16:50.817769,politifact,politifact,abstractive,abstractive,True,False,False,False,False,False,False,56,False,5E-05,8,8,1,0.01
0.491262257099152,0.890909090909091,0.884615384615385,0.851851851851852,0.92,3,2021-08-08 15:20:36.970357,politifact,politifact,abstractive,abstractive,True,False,False,False,False,False,False,57,False,5E-05,8,8,1,0.01
0.307992517948151,0.933333333333333,0.925170068027211,0.944444444444444,0.906666666666667,3,2021-08-08 15:24:13.293136,politifact,politifact,abstractive,abstractive,True,False,False,False,False,False,False,58,False,5E-05,8,8,1,0.01
0.376719236373901,0.927272727272727,0.916666666666667,0.956521739130435,0.88,3,2021-08-08 15:27:56.765320,politifact,politifact,abstractive,abstractive,True,False,False,False,False,False,False,59,False,5E-05,8,8,1,0.01
0.272507458925247,0.939393939393939,0.935897435897436,0.901234567901235,0.973333333333333,3,2021-08-08 15:38:06.823171,politifact,politifact,ensemble,ensemble,True,False,False,False,False,False,True,50,False,5E-05,8,8,1,0.01
0.230927204092344,0.963636363636364,0.959459459459459,0.972602739726027,0.946666666666667,3,2021-08-08 15:48:19.049717,politifact,politifact,ensemble,ensemble,True,False,False,False,False,False,True,51,False,5E-05,8,8,1,0.01
0.473991433779399,0.927272727272727,0.922077922077922,0.89873417721519,0.946666666666667,3,2021-08-08 15:58:41.946329,politifact,politifact,ensemble,ensemble,True,False,False,False,False,False,True,52,False,5E-05,8,8,1,0.01
0.411583811044693,0.896969696969697,0.884353741496599,0.902777777777778,0.866666666666667,3,2021-08-08 16:08:45.316920,politifact,politifact,ensemble,ensemble,True,False,False,False,False,False,True,53,False,5E-05,8,8,1,0.01
0.398781607548396,0.927272727272727,0.921052631578947,0.909090909090909,0.933333333333333,3,2021-08-08 16:18:52.123418,politifact,politifact,ensemble,ensemble,True,False,False,False,False,False,True,54,False,5E-05,8,8,1,0.01
0.47040468454361,0.921212121212121,0.910344827586207,0.942857142857143,0.88,3,2021-08-08 16:29:12.492720,politifact,politifact,ensemble,ensemble,True,False,False,False,False,False,True,55,False,5E-05,8,8,1,0.01
0.250975266098976,0.939393939393939,0.935064935064935,0.911392405063291,0.96,3,2021-08-08 16:39:28.358039,politifact,politifact,ensemble,ensemble,True,False,False,False,False,False,True,56,False,5E-05,8,8,1,0.01
0.461598773797353,0.909090909090909,0.899328859060403,0.905405405405405,0.893333333333333,3,2021-08-08 16:49:44.644948,politifact,politifact,ensemble,ensemble,True,False,False,False,False,False,True,57,False,5E-05,8,8,1,0.01
0.306053141752879,0.945454545454545,0.937931034482759,0.971428571428571,0.906666666666667,3,2021-08-08 17:00:01.184507,politifact,politifact,ensemble,ensemble,True,False,False,False,False,False,True,58,False,5E-05,8,8,1,0.01
0.203929727276166,0.957575757575757,0.952380952380952,0.972222222222222,0.933333333333333,3,2021-08-08 17:10:20.327763,politifact,politifact,ensemble,ensemble,True,False,False,False,False,False,True,59,False,5E-05,8,8,1,0.01
0.338488727807999,0.921212121212121,0.909090909090909,0.955882352941176,0.866666666666667,3,2021-08-08 17:44:24.601953,politifact,politifact,basic,basic,False,True,True,True,True,False,False,50,False,5E-05,8,8,1,0.01
0.243087634444237,0.909090909090909,0.890510948905109,0.983870967741935,0.813333333333333,3,2021-08-08 17:58:38.540133,politifact,politifact,basic,basic,False,True,True,True,True,False,False,51,False,5E-05,8,8,1,0.01
0.272165298461914,0.921212121212121,0.907801418439716,0.96969696969697,0.853333333333333,3,2021-08-08 18:12:06.974699,politifact,politifact,basic,basic,False,True,True,True,True,False,False,52,False,5E-05,8,8,1,0.01
0.25034835934639,0.921212121212121,0.906474820143885,0.984375,0.84,3,2021-08-08 18:25:16.794465,politifact,politifact,basic,basic,False,True,True,True,True,False,False,53,False,5E-05,8,8,1,0.01
0.263672232627869,0.884848484848485,0.854961832061069,1,0.746666666666667,3,2021-08-08 18:37:51.091370,politifact,politifact,basic,basic,False,True,True,True,True,False,False,54,False,5E-05,8,8,1,0.01
0.246339857578278,0.896969696969697,0.875912408759124,0.967741935483871,0.8,3,2021-08-08 18:50:14.331717,politifact,politifact,basic,basic,False,True,True,True,True,False,False,55,False,5E-05,8,8,1,0.01
0.196058928966522,0.951515151515152,0.943661971830986,1,0.893333333333333,3,2021-08-08 19:00:24.924354,politifact,politifact,basic,basic,False,True,True,True,True,False,False,56,False,5E-05,8,8,1,0.01
0.272067070007324,0.903030303030303,0.884057971014493,0.968253968253968,0.813333333333333,3,2021-08-08 19:09:12.463717,politifact,politifact,basic,basic,False,True,True,True,True,False,False,57,False,5E-05,8,8,1,0.01
0.302695482969284,0.878787878787879,0.855072463768116,0.936507936507936,0.786666666666667,3,2021-08-08 19:19:13.655369,politifact,politifact,basic,basic,False,True,True,True,True,False,False,58,False,5E-05,8,8,1,0.01
0.206012234091759,0.933333333333333,0.920863309352518,1,0.853333333333333,3,2021-08-08 19:32:10.857915,politifact,politifact,basic,basic,False,True,True,True,True,False,False,59,False,5E-05,8,8,1,0.01
0.330761909484863,0.927272727272727,0.92,0.92,0.92,3,2021-08-08 19:47:14.665024,politifact,politifact,basic,basic,True,True,True,True,True,False,False,50,False,5E-05,8,8,1,0.01
0.159729957580566,0.963636363636364,0.96,0.96,0.96,3,2021-08-08 20:00:26.038739,politifact,politifact,basic,basic,True,True,True,True,True,False,False,51,False,5E-05,8,8,1,0.01
0.262512922286987,0.945454545454545,0.939597315436242,0.945945945945946,0.933333333333333,3,2021-08-08 20:12:58.110220,politifact,politifact,basic,basic,True,True,True,True,True,False,False,52,False,5E-05,8,8,1,0.01
0.210701733827591,0.951515151515152,0.947368421052632,0.935064935064935,0.96,3,2021-08-08 20:25:16.140918,politifact,politifact,basic,basic,True,True,True,True,True,False,False,53,False,5E-05,8,8,1,0.01
0.246313065290451,0.945454545454545,0.940397350993377,0.934210526315789,0.946666666666667,3,2021-08-08 20:37:36.935823,politifact,politifact,basic,basic,True,True,True,True,True,False,False,54,False,5E-05,8,8,1,0.01
0.278249651193619,0.915151515151515,0.898550724637681,0.984126984126984,0.826666666666667,3,2021-08-08 20:49:40.066970,politifact,politifact,basic,basic,True,True,True,True,True,False,False,55,False,5E-05,8,8,1,0.01
0.143497958779335,0.957575757575757,0.95364238410596,0.947368421052632,0.96,3,2021-08-08 21:01:23.396631,politifact,politifact,basic,basic,True,True,True,True,True,False,False,56,False,5E-05,8,8,1,0.01
0.113673515617847,0.963636363636364,0.96,0.96,0.96,3,2021-08-08 21:13:18.155938,politifact,politifact,basic,basic,True,True,True,True,True,False,False,57,False,5E-05,8,8,1,0.01
0.169072791934013,0.963636363636364,0.96,0.96,0.96,3,2021-08-08 21:25:16.116879,politifact,politifact,basic,basic,True,True,True,True,True,False,False,58,False,5E-05,8,8,1,0.01
0.10226146876812,0.963636363636364,0.958904109589041,0.985915492957746,0.933333333333333,3,2021-08-08 21:37:00.174649,politifact,politifact,basic,basic,True,True,True,True,True,False,False,59,False,5E-05,8,8,1,0.01
0.32941934466362,0.909090909090909,0.900662251655629,0.894736842105263,0.906666666666667,3,2021-08-08 21:41:22.902982,politifact,politifact,basic,basic,True,True,False,False,False,False,False,50,False,5E-05,8,8,1,0.01
0.270100504159927,0.945454545454545,0.938775510204082,0.958333333333333,0.92,3,2021-08-08 21:45:49.353297,politifact,politifact,basic,basic,True,True,False,False,False,False,False,51,False,5E-05,8,8,1,0.01
0.345247775316238,0.921212121212121,0.912751677852349,0.918918918918919,0.906666666666667,3,2021-08-08 21:50:19.898608,politifact,politifact,basic,basic,True,True,False,False,False,False,False,52,False,5E-05,8,8,1,0.01
0.390208333730698,0.927272727272727,0.917808219178082,0.943661971830986,0.893333333333333,3,2021-08-08 21:54:49.459317,politifact,politifact,basic,basic,True,True,False,False,False,False,False,53,False,5E-05,8,8,1,0.01
0.37807697057724,0.909090909090909,0.900662251655629,0.894736842105263,0.906666666666667,3,2021-08-08 21:59:19.785295,politifact,politifact,basic,basic,True,True,False,False,False,False,False,54,False,5E-05,8,8,1,0.01
0.497834235429764,0.890909090909091,0.867647058823529,0.967213114754098,0.786666666666667,3,2021-08-08 22:03:51.749154,politifact,politifact,basic,basic,True,True,False,False,False,False,False,55,False,5E-05,8,8,1,0.01
0.150923848152161,0.963636363636364,0.96,0.96,0.96,3,2021-08-08 22:08:20.891812,politifact,politifact,basic,basic,True,True,False,False,False,False,False,56,False,5E-05,8,8,1,0.01
0.263535469770432,0.945454545454545,0.936170212765957,1,0.88,3,2021-08-08 22:12:46.101570,politifact,politifact,basic,basic,True,True,False,False,False,False,False,57,False,5E-05,8,8,1,0.01
0.323030680418015,0.927272727272727,0.918918918918919,0.931506849315068,0.906666666666667,3,2021-08-08 22:17:15.899006,politifact,politifact,basic,basic,True,True,False,False,False,False,False,58,False,5E-05,8,8,1,0.01
0.156466767191887,0.963636363636364,0.958904109589041,0.985915492957746,0.933333333333333,3,2021-08-08 22:21:48.235606,politifact,politifact,basic,basic,True,True,False,False,False,False,False,59,False,5E-05,8,8,1,0.01
0.294301480054855,0.903030303030303,0.897435897435897,0.864197530864197,0.933333333333333,3,2021-08-08 22:29:03.036089,politifact,politifact,basic,basic,True,False,True,False,False,False,False,50,False,5E-05,8,8,1,0.01
0.280601978302002,0.939393939393939,0.931506849315069,0.957746478873239,0.906666666666667,3,2021-08-08 22:36:31.183493,politifact,politifact,basic,basic,True,False,True,False,False,False,False,51,False,5E-05,8,8,1,0.01
0.371014505624771,0.915151515151515,0.905405405405405,0.917808219178082,0.893333333333333,3,2021-08-08 22:43:55.590689,politifact,politifact,basic,basic,True,False,True,False,False,False,False,52,False,5E-05,8,8,1,0.01
0.474645912647247,0.903030303030303,0.891891891891892,0.904109589041096,0.88,3,2021-08-08 22:51:10.621072,politifact,politifact,basic,basic,True,False,True,False,False,False,False,53,False,5E-05,8,8,1,0.01
0.439881205558777,0.921212121212121,0.915032679738562,0.897435897435897,0.933333333333333,3,2021-08-08 22:58:22.553547,politifact,politifact,basic,basic,True,False,True,False,False,False,False,54,False,5E-05,8,8,1,0.01
0.360996752977371,0.921212121212121,0.909090909090909,0.955882352941176,0.866666666666667,3,2021-08-08 23:05:38.236048,politifact,politifact,basic,basic,True,False,True,False,False,False,False,55,False,5E-05,8,8,1,0.01
0.201260566711426,0.951515151515152,0.945945945945946,0.958904109589041,0.933333333333333,3,2021-08-08 23:12:54.026334,politifact,politifact,basic,basic,True,False,True,False,False,False,False,56,False,5E-05,8,8,1,0.01
0.293062835931778,0.939393939393939,0.929577464788732,0.985074626865672,0.88,3,2021-08-08 23:20:14.673195,politifact,politifact,basic,basic,True,False,True,False,False,False,False,57,False,5E-05,8,8,1,0.01
0.292808264493942,0.951515151515152,0.946666666666667,0.946666666666667,0.946666666666667,3,2021-08-08 23:27:33.098278,politifact,politifact,basic,basic,True,False,True,False,False,False,False,58,False,5E-05,8,8,1,0.01
0.207877203822136,0.933333333333333,0.925170068027211,0.944444444444444,0.906666666666667,3,2021-08-08 23:34:55.474191,politifact,politifact,basic,basic,True,False,True,False,False,False,False,59,False,5E-05,8,8,1,0.01
0.256670564413071,0.921212121212121,0.916129032258064,0.8875,0.946666666666667,3,2021-08-08 23:43:17.072891,politifact,politifact,basic,basic,True,False,False,True,False,False,False,50,False,5E-05,8,8,1,0.01
0.269088298082352,0.951515151515152,0.945945945945946,0.958904109589041,0.933333333333333,3,2021-08-08 23:51:53.409907,politifact,politifact,basic,basic,True,False,False,True,False,False,False,51,False,5E-05,8,8,1,0.01
0.440090328454971,0.903030303030303,0.893333333333333,0.893333333333333,0.893333333333333,3,2021-08-09 00:00:13.083480,politifact,politifact,basic,basic,True,False,False,True,False,False,False,52,False,5E-05,8,8,1,0.01
0.426689714193344,0.903030303030303,0.888888888888889,0.927536231884058,0.853333333333333,3,2021-08-09 00:08:27.818689,politifact,politifact,basic,basic,True,False,False,True,False,False,False,53,False,5E-05,8,8,1,0.01
0.406758844852448,0.903030303030303,0.894736842105263,0.883116883116883,0.906666666666667,3,2021-08-09 00:16:44.624634,politifact,politifact,basic,basic,True,False,False,True,False,False,False,54,False,5E-05,8,8,1,0.01
0.437966734170914,0.921212121212121,0.909090909090909,0.955882352941176,0.866666666666667,3,2021-08-09 00:25:02.717922,politifact,politifact,basic,basic,True,False,False,True,False,False,False,55,False,5E-05,8,8,1,0.01
0.1621133685112,0.951515151515152,0.946666666666667,0.946666666666667,0.946666666666667,3,2021-08-09 00:32:52.309870,politifact,politifact,basic,basic,True,False,False,True,False,False,False,56,False,5E-05,8,8,1,0.01
0.256180644035339,0.939393939393939,0.930555555555556,0.971014492753623,0.893333333333333,3,2021-08-09 00:40:43.368735,politifact,politifact,basic,basic,True,False,False,True,False,False,False,57,False,5E-05,8,8,1,0.01
0.365451276302338,0.921212121212121,0.912751677852349,0.918918918918919,0.906666666666667,3,2021-08-09 00:49:08.013913,politifact,politifact,basic,basic,True,False,False,True,False,False,False,58,False,5E-05,8,8,1,0.01
0.230821877717972,0.933333333333333,0.926174496644295,0.932432432432432,0.92,3,2021-08-09 00:57:28.617078,politifact,politifact,basic,basic,True,False,False,True,False,False,False,59,False,5E-05,8,8,1,0.01
0.398492902517319,0.921212121212121,0.915032679738562,0.897435897435897,0.933333333333333,3,2021-08-09 01:02:54.725250,politifact,politifact,basic,basic,True,False,False,False,True,False,False,50,False,5E-05,8,8,1,0.01
0.140195354819298,0.963636363636364,0.96,0.96,0.96,3,2021-08-09 01:08:28.890742,politifact,politifact,basic,basic,True,False,False,False,True,False,False,51,False,5E-05,8,8,1,0.01
0.363070666790009,0.921212121212121,0.915032679738562,0.897435897435897,0.933333333333333,3,2021-08-09 01:13:59.575843,politifact,politifact,basic,basic,True,False,False,False,True,False,False,52,False,5E-05,8,8,1,0.01
0.174949213862419,0.963636363636364,0.960526315789474,0.948051948051948,0.973333333333333,3,2021-08-09 01:19:19.189806,politifact,politifact,basic,basic,True,False,False,False,True,False,False,53,False,5E-05,8,8,1,0.01
0.258496642112732,0.933333333333333,0.927152317880795,0.921052631578947,0.933333333333333,3,2021-08-09 01:24:37.688867,politifact,politifact,basic,basic,True,False,False,False,True,False,False,54,False,5E-05,8,8,1,0.01
0.210139274597168,0.945454545454545,0.937931034482759,0.971428571428571,0.906666666666667,3,2021-08-09 01:29:47.610679,politifact,politifact,basic,basic,True,False,False,False,True,False,False,55,False,5E-05,8,8,1,0.01
0.089514590799809,0.96969696969697,0.967320261437908,0.948717948717949,0.986666666666667,3,2021-08-09 01:34:57.777362,politifact,politifact,basic,basic,True,False,False,False,True,False,False,56,False,5E-05,8,8,1,0.01
0.123549215495586,0.963636363636364,0.959459459459459,0.972602739726027,0.946666666666667,3,2021-08-09 01:40:11.196576,politifact,politifact,basic,basic,True,False,False,False,True,False,False,57,False,5E-05,8,8,1,0.01
0.216173499822617,0.951515151515152,0.946666666666667,0.946666666666667,0.946666666666667,3,2021-08-09 01:45:31.438327,politifact,politifact,basic,basic,True,False,False,False,True,False,False,58,False,5E-05,8,8,1,0.01
0.128966316580772,0.96969696969697,0.96551724137931,1,0.933333333333333,3,2021-08-09 01:50:47.153759,politifact,politifact,basic,basic,True,False,False,False,True,False,False,59,False,5E-05,8,8,1,0.01
0.599540054798126,0.818181818181818,0.791666666666667,0.826086956521739,0.76,3,2021-08-09 01:52:59.478766,politifact,politifact,basic,basic,False,True,False,False,False,False,False,50,False,5E-05,8,8,1,0.01
0.604958832263947,0.775757575757576,0.751677852348993,0.756756756756757,0.746666666666667,3,2021-08-09 01:55:11.571284,politifact,politifact,basic,basic,False,True,False,False,False,False,False,51,False,5E-05,8,8,1,0.01
0.590080142021179,0.793939393939394,0.753623188405797,0.825396825396825,0.693333333333333,3,2021-08-09 01:57:24.433555,politifact,politifact,basic,basic,False,True,False,False,False,False,False,52,False,5E-05,8,8,1,0.01
0.593379318714142,0.763636363636364,0.688,0.86,0.573333333333333,3,2021-08-09 01:59:37.376428,politifact,politifact,basic,basic,False,True,False,False,False,False,False,53,False,5E-05,8,8,1,0.01
0.60794872045517,0.781818181818182,0.73134328358209,0.830508474576271,0.653333333333333,3,2021-08-09 02:01:51.105074,politifact,politifact,basic,basic,False,True,False,False,False,False,False,54,False,5E-05,8,8,1,0.01
0.601434767246246,0.757575757575758,0.701492537313433,0.796610169491525,0.626666666666667,3,2021-08-09 02:04:03.401924,politifact,politifact,basic,basic,False,True,False,False,False,False,False,55,False,5E-05,8,8,1,0.01
0.592199563980103,0.836363636363636,0.816326530612245,0.833333333333333,0.8,3,2021-08-09 02:06:15.426253,politifact,politifact,basic,basic,False,True,False,False,False,False,False,56,False,5E-05,8,8,1,0.01
0.607697367668152,0.775757575757576,0.72992700729927,0.806451612903226,0.666666666666667,3,2021-08-09 02:08:27.819532,politifact,politifact,basic,basic,False,True,False,False,False,False,False,57,False,5E-05,8,8,1,0.01
0.586792826652527,0.818181818181818,0.794520547945206,0.816901408450704,0.773333333333333,3,2021-08-09 02:10:39.854972,politifact,politifact,basic,basic,False,True,False,False,False,False,False,58,False,5E-05,8,8,1,0.01
0.597357749938965,0.824242424242424,0.810457516339869,0.794871794871795,0.826666666666667,3,2021-08-09 02:12:50.931694,politifact,politifact,basic,basic,False,True,False,False,False,False,False,59,False,5E-05,8,8,1,0.01
0.694797098636627,0.503030303030303,0.397058823529412,0.442622950819672,0.36,3,2021-08-09 02:17:26.578035,politifact,politifact,basic,basic,False,False,True,False,False,False,False,50,False,5E-05,8,8,1,0.01
0.70734828710556,0.43030303030303,0.494623655913979,0.414414414414414,0.613333333333333,3,2021-08-09 02:22:09.787475,politifact,politifact,basic,basic,False,False,True,False,False,False,False,51,False,5E-05,8,8,1,0.01
0.698367476463318,0.478787878787879,0.532608695652174,0.44954128440367,0.653333333333333,3,2021-08-09 02:26:48.946698,politifact,politifact,basic,basic,False,False,True,False,False,False,False,52,False,5E-05,8,8,1,0.01
0.690786123275757,0.509090909090909,0.562162162162162,0.472727272727273,0.693333333333333,3,2021-08-09 02:31:47.548160,politifact,politifact,basic,basic,False,False,True,False,False,False,False,53,False,5E-05,8,8,1,0.01
0.697673261165619,0.484848484848485,0.559585492227979,0.457627118644068,0.72,3,2021-08-09 02:36:52.051678,politifact,politifact,basic,basic,False,False,True,False,False,False,False,54,False,5E-05,8,8,1,0.01
0.693306565284729,0.466666666666667,0.607142857142857,0.456375838926174,0.906666666666667,3,2021-08-09 02:41:55.440362,politifact,politifact,basic,basic,False,False,True,False,False,False,False,55,False,5E-05,8,8,1,0.01
0.703693270683289,0.478787878787879,0.598130841121495,0.460431654676259,0.853333333333333,3,2021-08-09 02:46:58.654438,politifact,politifact,basic,basic,False,False,True,False,False,False,False,56,False,5E-05,8,8,1,0.01
0.695072174072266,0.472727272727273,0.606334841628959,0.458904109589041,0.893333333333333,3,2021-08-09 02:52:06.716780,politifact,politifact,basic,basic,False,False,True,False,False,False,False,57,False,5E-05,8,8,1,0.01
0.704184412956238,0.424242424242424,0.497354497354497,0.412280701754386,0.626666666666667,3,2021-08-09 02:57:11.058466,politifact,politifact,basic,basic,False,False,True,False,False,False,False,58,False,5E-05,8,8,1,0.01
0.69678407907486,0.496969696969697,0.484472049689441,0.453488372093023,0.52,3,2021-08-09 03:02:18.975071,politifact,politifact,basic,basic,False,False,True,False,False,False,False,59,False,5E-05,8,8,1,0.01
0.593654632568359,0.642424242424242,0.646706586826347,0.58695652173913,0.72,3,2021-08-09 03:08:31.269789,politifact,politifact,basic,basic,False,False,False,True,False,False,False,50,False,5E-05,8,8,1,0.01
0.62417870759964,0.587878787878788,0.564102564102564,0.54320987654321,0.586666666666667,3,2021-08-09 03:14:58.596084,politifact,politifact,basic,basic,False,False,False,True,False,False,False,51,False,5E-05,8,8,1,0.01
0.63410210609436,0.624242424242424,0.651685393258427,0.563106796116505,0.773333333333333,3,2021-08-09 03:21:13.323644,politifact,politifact,basic,basic,False,False,False,True,False,False,False,52,False,5E-05,8,8,1,0.01
0.611514031887054,0.654545454545455,0.606896551724138,0.628571428571429,0.586666666666667,3,2021-08-09 03:27:24.298902,politifact,politifact,basic,basic,False,False,False,True,False,False,False,53,False,5E-05,8,8,1,0.01
0.567628264427185,0.696969696969697,0.691358024691358,0.64367816091954,0.746666666666667,3,2021-08-09 03:33:36.171394,politifact,politifact,basic,basic,False,False,False,True,False,False,False,54,False,5E-05,8,8,1,0.01
0.591568112373352,0.648484848484848,0.632911392405063,0.602409638554217,0.666666666666667,3,2021-08-09 03:39:22.255461,politifact,politifact,basic,basic,False,False,False,True,False,False,False,55,False,5E-05,8,8,1,0.01
0.551924645900726,0.727272727272727,0.730538922155689,0.663043478260869,0.813333333333333,3,2021-08-09 03:45:02.714644,politifact,politifact,basic,basic,False,False,False,True,False,False,False,56,False,5E-05,8,8,1,0.01
0.693763971328735,0.557575757575758,0.522875816993464,0.512820512820513,0.533333333333333,3,2021-08-09 03:50:46.952360,politifact,politifact,basic,basic,False,False,False,True,False,False,False,57,False,5E-05,8,8,1,0.01
0.641001045703888,0.672727272727273,0.678571428571429,0.612903225806452,0.76,3,2021-08-09 03:56:32.244932,politifact,politifact,basic,basic,False,False,False,True,False,False,False,58,False,5E-05,8,8,1,0.01
0.556127727031708,0.690909090909091,0.666666666666667,0.653846153846154,0.68,3,2021-08-09 04:02:18.601778,politifact,politifact,basic,basic,False,False,False,True,False,False,False,59,False,5E-05,8,8,1,0.01
0.653256297111511,0.545454545454545,0,0,0,3,2021-08-09 04:05:20.700596,politifact,politifact,basic,basic,False,False,False,False,True,False,False,50,False,5E-05,8,8,1,0.01
0.691843509674072,0.545454545454545,0,0,0,3,2021-08-09 04:08:31.860092,politifact,politifact,basic,basic,False,False,False,False,True,False,False,51,False,5E-05,8,8,1,0.01
0.596043884754181,0.454545454545455,0.625,0.454545454545455,1,3,2021-08-09 04:11:43.215705,politifact,politifact,basic,basic,False,False,False,False,True,False,False,52,False,5E-05,8,8,1,0.01
0.339580893516541,0.927272727272727,0.91304347826087,1,0.84,3,2021-08-09 04:14:49.859342,politifact,politifact,basic,basic,False,False,False,False,True,False,False,53,False,5E-05,8,8,1,0.01
0.454333633184433,0.818181818181818,0.75,1,0.6,3,2021-08-09 04:17:57.376692,politifact,politifact,basic,basic,False,False,False,False,True,False,False,54,False,5E-05,8,8,1,0.01
0.802671670913696,0.454545454545455,0.625,0.454545454545455,1,3,2021-08-09 04:21:04.402956,politifact,politifact,basic,basic,False,False,False,False,True,False,False,55,False,5E-05,8,8,1,0.01
0.703029215335846,0.454545454545455,0.625,0.454545454545455,1,3,2021-08-09 04:24:14.271332,politifact,politifact,basic,basic,False,False,False,False,True,False,False,56,False,5E-05,8,8,1,0.01
0.438024520874023,0.878787878787879,0.846153846153846,1,0.733333333333333,3,2021-08-09 04:27:22.384308,politifact,politifact,basic,basic,False,False,False,False,True,False,False,57,False,5E-05,8,8,1,0.01
0.966888248920441,0.454545454545455,0.625,0.454545454545455,1,3,2021-08-09 04:30:36.297818,politifact,politifact,basic,basic,False,False,False,False,True,False,False,58,False,5E-05,8,8,1,0.01
0.705387949943543,0.545454545454545,0,0,0,3,2021-08-09 04:33:52.545218,politifact,politifact,basic,basic,False,False,False,False,True,False,False,59,False,5E-05,8,8,1,0.01
0.311200588941574,0.939393939393939,0.936708860759494,0.891566265060241,0.986666666666667,3,2021-08-09 04:46:34.741354,politifact,politifact,extractive,extractive,True,True,True,True,True,False,False,50,False,5E-05,8,8,1,0.01
0.198455765843391,0.96969696969697,0.966442953020134,0.972972972972973,0.96,3,2021-08-09 04:59:44.913509,politifact,politifact,extractive,extractive,True,True,True,True,True,False,False,51,False,5E-05,8,8,1,0.01
0.392049431800842,0.903030303030303,0.89873417721519,0.855421686746988,0.946666666666667,3,2021-08-09 05:11:40.249910,politifact,politifact,extractive,extractive,True,True,True,True,True,False,False,52,False,5E-05,8,8,1,0.01
0.149196296930313,0.957575757575757,0.95364238410596,0.947368421052632,0.96,3,2021-08-09 05:23:24.101798,politifact,politifact,extractive,extractive,True,True,True,True,True,False,False,53,False,5E-05,8,8,1,0.01
0.23647341132164,0.939393939393939,0.933333333333333,0.933333333333333,0.933333333333333,3,2021-08-09 05:35:09.451130,politifact,politifact,extractive,extractive,True,True,True,True,True,False,False,54,False,5E-05,8,8,1,0.01
0.204749524593353,0.957575757575757,0.953020134228188,0.959459459459459,0.946666666666667,3,2021-08-09 05:47:06.980317,politifact,politifact,extractive,extractive,True,True,True,True,True,False,False,55,False,5E-05,8,8,1,0.01
0.155865684151649,0.951515151515152,0.945945945945946,0.958904109589041,0.933333333333333,3,2021-08-09 05:59:40.682491,politifact,politifact,extractive,extractive,True,True,True,True,True,False,False,56,False,5E-05,8,8,1,0.01
0.152833551168442,0.957575757575757,0.953020134228188,0.959459459459459,0.946666666666667,3,2021-08-09 13:19:56.759815,politifact,politifact,extractive,extractive,True,True,True,True,True,False,False,57,False,5E-05,8,8,1,0.01
0.18529586493969,0.957575757575757,0.95364238410596,0.947368421052632,0.96,3,2021-08-11 10:36:15.577414,politifact,politifact,extractive,extractive,True,True,True,True,True,False,False,58,False,5E-05,8,8,1,0.01
0.083640187978745,0.96969696969697,0.965986394557823,0.986111111111111,0.946666666666667,3,2021-08-11 10:47:45.055272,politifact,politifact,extractive,extractive,True,True,True,True,True,False,False,59,False,5E-05,8,8,1,0.01
0.475619703531265,0.921212121212121,0.913907284768212,0.907894736842105,0.92,3,2021-08-11 10:59:32.048847,politifact,politifact,abstractive,abstractive,True,True,True,True,True,False,False,50,False,5E-05,8,8,1,0.01
0.208733394742012,0.951515151515152,0.946666666666667,0.946666666666667,0.946666666666667,3,2021-08-11 11:11:58.970458,politifact,politifact,abstractive,abstractive,True,True,True,True,True,False,False,51,False,5E-05,8,8,1,0.01
0.304929882287979,0.927272727272727,0.923076923076923,0.888888888888889,0.96,3,2021-08-11 11:26:13.851199,politifact,politifact,abstractive,abstractive,True,True,True,True,True,False,False,52,False,5E-05,8,8,1,0.01
0.116754822432995,0.963636363636364,0.96,0.96,0.96,3,2021-08-11 11:37:49.828719,politifact,politifact,abstractive,abstractive,True,True,True,True,True,False,False,53,False,5E-05,8,8,1,0.01
0.215807557106018,0.951515151515152,0.946666666666667,0.946666666666667,0.946666666666667,3,2021-08-11 11:49:07.935700,politifact,politifact,abstractive,abstractive,True,True,True,True,True,False,False,54,False,5E-05,8,8,1,0.01
0.285350501537323,0.933333333333333,0.923076923076923,0.970588235294118,0.88,3,2021-08-11 12:00:34.662386,politifact,politifact,abstractive,abstractive,True,True,True,True,True,False,False,55,False,5E-05,8,8,1,0.01
0.106521293520927,0.96969696969697,0.966887417218543,0.960526315789474,0.973333333333333,3,2021-08-11 12:11:51.941215,politifact,politifact,abstractive,abstractive,True,True,True,True,True,False,False,56,False,5E-05,8,8,1,0.01
0.138491004705429,0.957575757575757,0.954838709677419,0.925,0.986666666666667,3,2021-08-11 12:23:17.641594,politifact,politifact,abstractive,abstractive,True,True,True,True,True,False,False,57,False,5E-05,8,8,1,0.01
0.187717944383621,0.963636363636364,0.959459459459459,0.972602739726027,0.946666666666667,3,2021-08-11 12:34:40.737810,politifact,politifact,abstractive,abstractive,True,True,True,True,True,False,False,58,False,5E-05,8,8,1,0.01
0.238633498549461,0.945454545454545,0.937931034482759,0.971428571428571,0.906666666666667,3,2021-08-11 12:45:51.574646,politifact,politifact,abstractive,abstractive,True,True,True,True,True,False,False,59,False,5E-05,8,8,1,0.01
0.475945770740509,0.779863048440274,0.615929203539823,0.532110091743119,0.73109243697479,3,2021-08-11 13:40:45.008178,gossipcop,gossipcop,basic,basic,True,False,False,False,False,True,False,50,False,5E-05,8,8,1,0.01
0.454444080591202,0.796347958407304,0.611138014527845,0.566936208445642,0.66281512605042,3,2021-08-11 14:35:40.481902,gossipcop,gossipcop,basic,basic,True,False,False,False,False,True,False,51,False,5E-05,8,8,1,0.01
0.462944060564041,0.782145574435709,0.609722853248524,0.537229783827062,0.704831932773109,3,2021-08-11 15:31:05.759237,gossipcop,gossipcop,basic,basic,True,False,False,False,False,True,False,52,False,5E-05,8,8,1,0.01
0.471994042396545,0.788993152422014,0.602294455066922,0.552631578947368,0.661764705882353,3,2021-08-11 16:28:44.794233,gossipcop,gossipcop,basic,basic,True,False,False,False,False,True,False,53,False,5E-05,8,8,1,0.01
0.451750040054321,0.795333502409333,0.608822103732429,0.565256525652565,0.659663865546218,3,2021-08-11 17:25:34.278989,gossipcop,gossipcop,basic,basic,True,False,False,False,False,True,False,54,False,5E-05,8,8,1,0.01
0.443786680698395,0.804463606391073,0.631629240324893,0.57931638913234,0.694327731092437,3,2021-08-11 18:20:39.590799,gossipcop,gossipcop,basic,basic,True,False,False,False,False,True,False,55,False,5E-05,8,8,1,0.01
0.449108958244324,0.787471468425057,0.619090909090909,0.545673076923077,0.715336134453781,3,2021-08-11 19:15:46.315604,gossipcop,gossipcop,basic,basic,True,False,False,False,False,True,False,56,False,5E-05,8,8,1,0.01
0.484497994184494,0.770986558458027,0.60377358490566,0.518462697814619,0.722689075630252,3,2021-08-11 20:10:48.125079,gossipcop,gossipcop,basic,basic,True,False,False,False,False,True,False,57,False,5E-05,8,8,1,0.01
0.454857885837555,0.801927466396145,0.633505396527452,0.572519083969466,0.709033613445378,3,2021-08-11 21:06:58.808025,gossipcop,gossipcop,basic,basic,True,False,False,False,False,True,False,58,False,5E-05,8,8,1,0.01
0.462097257375717,0.79229013441542,0.606817090734517,0.558797524314766,0.663865546218487,3,2021-08-11 22:03:31.615863,gossipcop,gossipcop,basic,basic,True,False,False,False,False,True,False,59,False,5E-05,8,8,1,0.01
0.774871408939362,0.862287598275425,0.705051602390006,0.730033745781777,0.68172268907563,3,2021-08-11 23:10:51.291385,gossipcop,gossipcop,basic,basic,True,False,False,False,False,True,False,50,False,5E-05,8,8,1,0.01
0.748236894607544,0.865838194268324,0.702307259425999,0.756363636363636,0.65546218487395,3,2021-08-12 00:20:01.555638,gossipcop,gossipcop,basic,basic,True,False,False,False,False,True,False,51,False,5E-05,8,8,1,0.01
0.765764832496643,0.858737002282526,0.691412742382271,0.731535756154748,0.65546218487395,3,2021-08-12 01:31:33.179480,gossipcop,gossipcop,basic,basic,True,False,False,False,False,True,False,52,False,5E-05,8,8,1,0.01
0.743689894676209,0.852396652295207,0.688770053475936,0.701525054466231,0.676470588235294,3,2021-08-12 02:43:10.613157,gossipcop,gossipcop,basic,basic,True,False,False,False,False,True,False,53,False,5E-05,8,8,1,0.01
0.732441365718842,0.866852650266295,0.700513405590416,0.766541822721598,0.644957983193277,3,2021-08-12 03:57:49.834361,gossipcop,gossipcop,basic,basic,True,False,False,False,False,True,False,54,False,5E-05,8,8,1,0.01
0.715810537338257,0.862541212274918,0.701870187018702,0.736720554272517,0.670168067226891,3,2021-08-12 05:09:31.203394,gossipcop,gossipcop,basic,basic,True,False,False,False,False,True,False,55,False,5E-05,8,8,1,0.01
0.642939865589142,0.865838194268324,0.718467269824375,0.728155339805825,0.709033613445378,3,2021-08-12 06:22:22.103172,gossipcop,gossipcop,basic,basic,True,False,False,False,False,True,False,56,False,5E-05,8,8,1,0.01
0.766298532485962,0.859751458280497,0.701565029681597,0.72142064372919,0.682773109243697,3,2021-08-12 07:35:10.270074,gossipcop,gossipcop,basic,basic,True,False,False,False,False,True,False,57,False,5E-05,8,8,1,0.01
0.724223375320435,0.871164088257672,0.715883668903803,0.76555023923445,0.672268907563025,3,2021-08-12 08:43:20.111991,gossipcop,gossipcop,basic,basic,True,False,False,False,False,True,False,58,False,5E-05,8,8,1,0.01
0.707134008407593,0.862541212274918,0.683411214953271,0.769736842105263,0.614495798319328,3,2021-08-12 09:48:55.080654,gossipcop,gossipcop,basic,basic,True,False,False,False,False,True,False,59,False,5E-05,8,8,1,0.01
0.721674978733063,0.866091808267816,0.710208562019758,0.74367816091954,0.679621848739496,3,2021-08-12 11:39:36.458995,gossipcop,gossipcop,basic,basic,True,False,False,False,False,False,False,50,False,5E-05,8,8,1,0.01
0.766407310962677,0.865838194268324,0.697886921758995,0.764705882352941,0.641806722689076,3,2021-08-12 13:30:10.337293,gossipcop,gossipcop,basic,basic,True,False,False,False,False,False,False,51,False,5E-05,8,8,1,0.01
0.717916786670685,0.87192493025615,0.710601719197708,0.781841109709962,0.651260504201681,3,2021-08-12 15:20:39.487915,gossipcop,gossipcop,basic,basic,True,False,False,False,False,False,False,52,False,5E-05,8,8,1,0.01
0.83638060092926,0.857976160284048,0.681818181818182,0.742574257425743,0.630252100840336,3,2021-08-12 17:11:27.640231,gossipcop,gossipcop,basic,basic,True,False,False,False,False,False,False,53,False,5E-05,8,8,1,0.01
0.818769991397858,0.865838194268324,0.703641456582633,0.75390156062425,0.659663865546218,3,2021-08-12 19:04:44.884138,gossipcop,gossipcop,basic,basic,True,False,False,False,False,False,False,54,False,5E-05,8,8,1,0.01
0.741830110549927,0.867613492264773,0.707726763717805,0.75779376498801,0.663865546218487,3,2021-08-12 20:58:17.992063,gossipcop,gossipcop,basic,basic,True,False,False,False,False,False,False,55,False,5E-05,8,8,1,0.01
0.689582109451294,0.870910474258179,0.718629076838032,0.758459743290548,0.682773109243697,3,2021-08-12 22:50:27.553759,gossipcop,gossipcop,basic,basic,True,False,False,False,False,False,False,56,False,5E-05,8,8,1,0.01
0.781447410583496,0.861526756276946,0.693602693602694,0.744578313253012,0.649159663865546,3,2021-08-13 00:44:44.159874,gossipcop,gossipcop,basic,basic,True,False,False,False,False,False,False,57,False,5E-05,8,8,1,0.01
0.691287994384766,0.874461070251078,0.723618090452261,0.772348033373063,0.680672268907563,3,2021-08-13 02:41:30.225373,gossipcop,gossipcop,basic,basic,True,False,False,False,False,False,False,58,False,5E-05,8,8,1,0.01
0.719444453716278,0.866852650266295,0.697406340057637,0.772669220945083,0.635504201680672,3,2021-08-13 04:37:18.658769,gossipcop,gossipcop,basic,basic,True,False,False,False,False,False,False,59,False,5E-05,8,8,1,0.01
0.831992983818054,0.85544002028912,0.680493273542601,0.729567307692308,0.637605042016807,3,2021-08-13 06:34:23.144694,gossipcop,gossipcop,extractive,extractive,True,False,False,False,False,False,False,50,False,5E-05,8,8,1,0.01
0.780566990375519,0.865838194268324,0.697195191757298,0.766037735849057,0.639705882352941,3,2021-08-13 08:27:04.925220,gossipcop,gossipcop,extractive,extractive,True,False,False,False,False,False,False,51,False,5E-05,8,8,1,0.01
0.815457820892334,0.856454476287091,0.67433831990794,0.745547073791349,0.615546218487395,3,2021-08-13 10:22:45.122341,gossipcop,gossipcop,extractive,extractive,True,False,False,False,False,False,False,52,False,5E-05,8,8,1,0.01
0.808184862136841,0.860765914278468,0.69209197980931,0.742478941034898,0.648109243697479,3,2021-08-13 12:18:44.579315,gossipcop,gossipcop,extractive,extractive,True,False,False,False,False,False,False,53,False,5E-05,8,8,1,0.01
0.762657463550568,0.867613492264773,0.707070707070707,0.759036144578313,0.661764705882353,3,2021-08-13 14:13:57.475821,gossipcop,gossipcop,extractive,extractive,True,False,False,False,False,False,False,54,False,5E-05,8,8,1,0.01
0.804218649864197,0.854679178290642,0.684297520661157,0.719582850521437,0.652310924369748,3,2021-08-13 16:11:38.720983,gossipcop,gossipcop,extractive,extractive,True,False,False,False,False,False,False,55,False,5E-05,8,8,1,0.01
0.772577583789825,0.863809282272381,0.697123519458545,0.752740560292326,0.649159663865546,3,2021-08-13 18:09:29.967723,gossipcop,gossipcop,extractive,extractive,True,False,False,False,False,False,False,56,False,5E-05,8,8,1,0.01
0.793323040008545,0.858990616282019,0.686583990980834,0.740875912408759,0.639705882352941,3,2021-08-13 20:07:45.434178,gossipcop,gossipcop,extractive,extractive,True,False,False,False,False,False,False,57,False,5E-05,8,8,1,0.01
0.797981321811676,0.862287598275425,0.706961683756071,0.726970033296337,0.688025210084034,3,2021-08-13 22:05:50.754481,gossipcop,gossipcop,extractive,extractive,True,False,False,False,False,False,False,58,False,5E-05,8,8,1,0.01
0.826360702514648,0.857722546284555,0.674405107370865,0.753566796368353,0.610294117647059,3,2021-08-13 23:56:08.138075,gossipcop,gossipcop,extractive,extractive,True,False,False,False,False,False,False,59,False,5E-05,8,8,1,0.01
0.756441056728363,0.854171950291656,0.691358024691358,0.706915477497256,0.676470588235294,3,2021-08-14 01:52:16.558224,gossipcop,gossipcop,abstractive,abstractive,True,False,False,False,False,False,False,50,False,5E-05,8,8,1,0.01
0.78015011548996,0.86000507227999,0.688487584650113,0.74390243902439,0.640756302521008,3,2021-08-14 03:42:44.693127,gossipcop,gossipcop,abstractive,abstractive,True,False,False,False,False,False,False,51,False,5E-05,8,8,1,0.01
0.807226359844208,0.855186406289627,0.675383740761797,0.736059479553903,0.623949579831933,3,2021-08-14 05:32:51.424328,gossipcop,gossipcop,abstractive,abstractive,True,False,False,False,False,False,False,52,False,5E-05,8,8,1,0.01
0.827877461910248,0.862541212274918,0.686705202312139,0.763496143958869,0.623949579831933,3,2021-08-14 07:27:10.388876,gossipcop,gossipcop,abstractive,abstractive,True,False,False,False,False,False,False,53,False,5E-05,8,8,1,0.01
0.779169976711273,0.86000507227999,0.678696158323632,0.761096605744125,0.612394957983193,3,2021-08-14 09:19:49.178693,gossipcop,gossipcop,abstractive,abstractive,True,False,False,False,False,False,False,54,False,5E-05,8,8,1,0.01
0.798870742321014,0.851382196297236,0.674082313681869,0.716312056737589,0.636554621848739,3,2021-08-14 11:18:26.137308,gossipcop,gossipcop,abstractive,abstractive,True,False,False,False,False,False,False,55,False,5E-05,8,8,1,0.01
0.74865448474884,0.865077352269845,0.706077348066298,0.744755244755245,0.671218487394958,3,2021-08-14 13:11:06.810184,gossipcop,gossipcop,abstractive,abstractive,True,False,False,False,False,False,False,56,False,5E-05,8,8,1,0.01
0.786170542240143,0.853664722292671,0.684871654833424,0.713310580204778,0.658613445378151,3,2021-08-14 15:08:45.961288,gossipcop,gossipcop,abstractive,abstractive,True,False,False,False,False,False,False,57,False,5E-05,8,8,1,0.01
0.746080756187439,0.862287598275425,0.697493036211699,0.742586002372479,0.657563025210084,3,2021-08-14 17:04:07.680130,gossipcop,gossipcop,abstractive,abstractive,True,False,False,False,False,False,False,58,False,5E-05,8,8,1,0.01
0.780251741409302,0.854425564291149,0.671248568155785,0.738035264483627,0.615546218487395,3,2021-08-14 18:59:53.738818,gossipcop,gossipcop,abstractive,abstractive,True,False,False,False,False,False,False,59,False,5E-05,8,8,1,0.01
0.782374938329061,0.865838194268324,0.705292479108635,0.750889679715302,0.664915966386555,3,2021-08-15 00:40:49.219872,gossipcop,gossipcop,ensemble,ensemble,True,False,False,False,False,False,True,50,False,5E-05,8,8,1,0.01
0.763916750748952,0.871164088257672,0.7152466367713,0.766826923076923,0.670168067226891,3,2021-08-15 06:23:02.372470,gossipcop,gossipcop,ensemble,ensemble,True,False,False,False,False,False,True,51,False,5E-05,8,8,1,0.01
0.780184666315714,0.864316510271367,0.688772542175683,0.771838331160365,0.621848739495798,3,2021-08-15 12:03:21.630292,gossipcop,gossipcop,ensemble,ensemble,True,False,False,False,False,False,True,52,False,5E-05,8,8,1,0.01
0.762008051077525,0.867867106264266,0.705815923207228,0.763125763125763,0.656512605042017,3,2021-08-15 17:41:19.112214,gossipcop,gossipcop,ensemble,ensemble,True,False,False,False,False,False,True,53,False,5E-05,8,8,1,0.01
0.809092521667481,0.873700228252599,0.707746478873239,0.80186170212766,0.633403361344538,3,2021-08-15 23:23:39.095442,gossipcop,gossipcop,ensemble,ensemble,True,False,False,False,False,False,True,54,False,5E-05,8,8,1,0.01
0.755473633607229,0.869896018260208,0.709018718094158,0.770653514180025,0.656512605042017,3,2021-08-16 05:07:34.399390,gossipcop,gossipcop,ensemble,ensemble,True,False,False,False,False,False,True,55,False,5E-05,8,8,1,0.01
0.73022868235906,0.870149632259701,0.714604236343367,0.761282660332542,0.673319327731092,3,2021-08-16 10:50:55.603262,gossipcop,gossipcop,ensemble,ensemble,True,False,False,False,False,False,True,56,False,5E-05,8,8,1,0.01
0.787366588910421,0.870403246259193,0.711136235161108,0.769889840881273,0.660714285714286,3,2021-08-16 16:43:14.605983,gossipcop,gossipcop,ensemble,ensemble,True,False,False,False,False,False,True,57,False,5E-05,8,8,1,0.01
0.764232277870178,0.873193000253614,0.709302325581395,0.794270833333333,0.640756302521008,3,2021-08-16 22:25:02.546971,gossipcop,gossipcop,ensemble,ensemble,True,False,False,False,False,False,True,58,False,5E-05,8,8,1,0.01
0.79911728700002,0.864823738270352,0.689574839836925,0.773856209150327,0.621848739495798,3,2021-08-17 04:13:35.665611,gossipcop,gossipcop,ensemble,ensemble,True,False,False,False,False,False,True,59,False,5E-05,8,8,1,0.01
0.101597115397453,0.965762110068476,0.932935916542474,0.885014137606032,0.986344537815126,3,2021-08-17 07:48:26.692532,gossipcop,gossipcop,basic,basic,False,True,True,True,True,False,False,50,False,5E-05,8,8,1,0.01
0.128026157617569,0.961197058077606,0.924593395761459,0.870937790157846,0.985294117647059,3,2021-08-17 10:57:51.115553,gossipcop,gossipcop,basic,basic,False,True,True,True,True,False,False,51,False,5E-05,8,8,1,0.01
0.132595419883728,0.960182602079635,0.922315685304305,0.871842843779233,0.978991596638655,3,2021-08-17 13:57:40.786401,gossipcop,gossipcop,basic,basic,False,True,True,True,True,False,False,52,False,5E-05,8,8,1,0.01
0.158196568489075,0.950291656099417,0.905405405405405,0.8375,0.985294117647059,3,2021-08-17 16:46:03.004043,gossipcop,gossipcop,basic,basic,False,True,True,True,True,False,False,53,False,5E-05,8,8,1,0.01
0.167109817266464,0.949530814100938,0.904280904280904,0.834072759538598,0.987394957983193,3,2021-08-17 19:39:56.944240,gossipcop,gossipcop,basic,basic,False,True,True,True,True,False,False,54,False,5E-05,8,8,1,0.01
0.146874770522118,0.953842252092315,0.911821705426357,0.846223021582734,0.98844537815126,3,2021-08-17 22:29:31.192645,gossipcop,gossipcop,basic,basic,False,True,True,True,True,False,False,55,False,5E-05,8,8,1,0.01
0.135164305567741,0.957139234085722,0.917841516771998,0.854298642533937,0.991596638655462,3,2021-08-18 01:20:29.331270,gossipcop,gossipcop,basic,basic,False,True,True,True,True,False,False,56,False,5E-05,8,8,1,0.01
0.132735997438431,0.9579000760842,0.918387413962635,0.863216266173752,0.98109243697479,3,2021-08-18 04:08:45.652040,gossipcop,gossipcop,basic,basic,False,True,True,True,True,False,False,57,False,5E-05,8,8,1,0.01
0.144135981798172,0.953588638092823,0.910513447432763,0.851784080512351,0.977941176470588,3,2021-08-18 06:59:46.673192,gossipcop,gossipcop,basic,basic,False,True,True,True,True,False,False,58,False,5E-05,8,8,1,0.01
0.119091771543026,0.962718742074562,0.927479033053774,0.874418604651163,0.987394957983193,3,2021-08-18 09:45:46.911561,gossipcop,gossipcop,basic,basic,False,True,True,True,True,False,False,59,False,5E-05,8,8,1,0.01
0.167618125677109,0.96246512807507,0.922996878251821,0.914432989690722,0.93172268907563,3,2021-08-18 13:33:51.675232,gossipcop,gossipcop,basic,basic,True,True,True,True,True,False,False,50,False,5E-05,8,8,1,0.01
0.188717395067215,0.955110322089779,0.906200317965024,0.914438502673797,0.898109243697479,3,2021-08-18 17:18:38.141653,gossipcop,gossipcop,basic,basic,True,True,True,True,True,False,False,51,False,5E-05,8,8,1,0.01
0.192328050732613,0.957139234085722,0.910154173312068,0.921420882669537,0.899159663865546,3,2021-08-18 21:02:30.678540,gossipcop,gossipcop,basic,basic,True,True,True,True,True,False,False,52,False,5E-05,8,8,1,0.01
0.196649819612503,0.955363936089272,0.906382978723404,0.918103448275862,0.894957983193277,3,2021-08-19 00:47:54.803054,gossipcop,gossipcop,basic,basic,True,True,True,True,True,False,False,53,False,5E-05,8,8,1,0.01
0.24342668056488,0.956632006086736,0.9088,0.923076923076923,0.894957983193277,3,2021-08-19 04:35:04.276032,gossipcop,gossipcop,basic,basic,True,True,True,True,True,False,False,54,False,5E-05,8,8,1,0.01
0.201281681656837,0.961197058077606,0.919004764425622,0.926360725720384,0.911764705882353,3,2021-08-19 08:12:57.341907,gossipcop,gossipcop,basic,basic,True,True,True,True,True,False,False,55,False,5E-05,8,8,1,0.01
0.163420259952545,0.964747654070505,0.926103136629452,0.93756727664155,0.914915966386555,3,2021-08-19 12:00:20.204246,gossipcop,gossipcop,basic,basic,True,True,True,True,True,False,False,56,False,5E-05,8,8,1,0.01
0.169404581189156,0.962718742074562,0.92259083728278,0.925026399155227,0.920168067226891,3,2021-08-19 15:37:25.776568,gossipcop,gossipcop,basic,basic,True,True,True,True,True,False,False,57,False,5E-05,8,8,1,0.01
0.193251729011536,0.963479584073041,0.92436974789916,0.92436974789916,0.92436974789916,3,2021-08-19 19:02:20.286414,gossipcop,gossipcop,basic,basic,True,True,True,True,True,False,False,58,False,5E-05,8,8,1,0.01
0.183510318398476,0.962211514075577,0.918889493739793,0.953672316384181,0.886554621848739,3,2021-08-19 22:27:59.154851,gossipcop,gossipcop,basic,basic,True,True,True,True,True,False,False,59,False,5E-05,8,8,1,0.01
0.286440700292587,0.942429622115141,0.87683125339121,0.906846240179574,0.848739495798319,3,2021-08-20 01:14:54.185484,gossipcop,gossipcop,basic,basic,True,True,False,False,False,False,False,50,False,5E-05,8,8,1,0.01
0.341154873371124,0.931524220136951,0.851648351648352,0.892857142857143,0.814075630252101,3,2021-08-20 04:01:34.346864,gossipcop,gossipcop,basic,basic,True,True,False,False,False,False,False,51,False,5E-05,8,8,1,0.01
0.351722747087479,0.931270606137459,0.850853054485416,0.89364161849711,0.811974789915966,3,2021-08-20 06:48:31.789581,gossipcop,gossipcop,basic,basic,True,True,False,False,False,False,False,52,False,5E-05,8,8,1,0.01
0.368233352899551,0.932031448135937,0.855135135135135,0.880846325167038,0.830882352941176,3,2021-08-20 09:35:40.798758,gossipcop,gossipcop,basic,basic,True,True,False,False,False,False,False,53,False,5E-05,8,8,1,0.01
0.459863066673279,0.928734466142531,0.843802112284603,0.896103896103896,0.797268907563025,3,2021-08-20 12:22:53.164318,gossipcop,gossipcop,basic,basic,True,True,False,False,False,False,False,54,False,5E-05,8,8,1,0.01
0.42465341091156,0.934060360131879,0.857456140350877,0.896788990825688,0.821428571428571,3,2021-08-20 15:09:43.815055,gossipcop,gossipcop,basic,basic,True,True,False,False,False,False,False,55,False,5E-05,8,8,1,0.01
0.321753561496735,0.937357342125285,0.866124661246612,0.894736842105263,0.839285714285714,3,2021-08-20 17:56:52.306090,gossipcop,gossipcop,basic,basic,True,True,False,False,False,False,False,56,False,5E-05,8,8,1,0.01
0.356806844472885,0.934060360131879,0.857768052516411,0.894977168949772,0.823529411764706,3,2021-08-20 20:43:58.550343,gossipcop,gossipcop,basic,basic,True,True,False,False,False,False,False,57,False,5E-05,8,8,1,0.01
0.370510101318359,0.929241694141517,0.848616386326641,0.877665544332211,0.821428571428571,3,2021-08-20 23:31:14.415126,gossipcop,gossipcop,basic,basic,True,True,False,False,False,False,False,58,False,5E-05,8,8,1,0.01
0.358203321695328,0.930256150139488,0.847982310668878,0.894982497082847,0.805672268907563,3,2021-08-21 02:18:18.701716,gossipcop,gossipcop,basic,basic,True,True,False,False,False,False,False,59,False,5E-05,8,8,1,0.01
0.700760900974274,0.870656860258686,0.718853362734289,0.756380510440835,0.684873949579832,3,2021-08-21 05:16:18.604005,gossipcop,gossipcop,basic,basic,True,False,True,False,False,False,False,50,False,5E-05,8,8,1,0.01
0.748432397842407,0.867867106264266,0.705815923207228,0.763125763125763,0.656512605042017,3,2021-08-21 08:13:46.110481,gossipcop,gossipcop,basic,basic,True,False,True,False,False,False,False,51,False,5E-05,8,8,1,0.01
0.78797173500061,0.866091808267816,0.698285714285714,0.765664160401003,0.641806722689076,3,2021-08-21 11:11:17.805478,gossipcop,gossipcop,basic,basic,True,False,True,False,False,False,False,52,False,5E-05,8,8,1,0.01
0.769311189651489,0.863302054273396,0.689694876223374,0.763057324840764,0.629201680672269,3,2021-08-21 14:08:05.978871,gossipcop,gossipcop,basic,basic,True,False,True,False,False,False,False,53,False,5E-05,8,8,1,0.01
0.792224764823914,0.862033984275932,0.69438202247191,0.746376811594203,0.649159663865546,3,2021-08-21 17:05:01.112947,gossipcop,gossipcop,basic,basic,True,False,True,False,False,False,False,54,False,5E-05,8,8,1,0.01
0.77068966627121,0.858737002282526,0.695462001093494,0.725199543899658,0.668067226890756,3,2021-08-21 20:01:51.414180,gossipcop,gossipcop,basic,basic,True,False,True,False,False,False,False,55,False,5E-05,8,8,1,0.01
0.691870748996735,0.868627948262744,0.716008771929825,0.748853211009174,0.685924369747899,3,2021-08-21 22:58:39.189439,gossipcop,gossipcop,basic,basic,True,False,True,False,False,False,False,56,False,5E-05,8,8,1,0.01
0.749737083911896,0.863809282272381,0.707037643207856,0.735527809307605,0.680672268907563,3,2021-08-22 01:55:21.701354,gossipcop,gossipcop,basic,basic,True,False,True,False,False,False,False,57,False,5E-05,8,8,1,0.01
0.719613611698151,0.869642404260715,0.706955530216648,0.773067331670823,0.651260504201681,3,2021-08-22 04:51:32.364701,gossipcop,gossipcop,basic,basic,True,False,True,False,False,False,False,58,False,5E-05,8,8,1,0.01
0.745248734951019,0.863555668272889,0.687935034802784,0.768134715025907,0.622899159663866,3,2021-08-22 07:48:07.493178,gossipcop,gossipcop,basic,basic,True,False,True,False,False,False,False,59,False,5E-05,8,8,1,0.01
0.500825166702271,0.905909206188182,0.796265788028556,0.834292289988492,0.761554621848739,3,2021-08-22 10:45:53.855909,gossipcop,gossipcop,basic,basic,True,False,False,True,False,False,False,50,False,5E-05,8,8,1,0.01
0.540953159332275,0.910220644179559,0.801569506726457,0.859375,0.751050420168067,3,2021-08-22 13:43:29.360147,gossipcop,gossipcop,basic,basic,True,False,False,True,False,False,False,51,False,5E-05,8,8,1,0.01
0.613389849662781,0.90210499619579,0.77662037037037,0.864690721649485,0.704831932773109,3,2021-08-22 16:41:09.834726,gossipcop,gossipcop,basic,basic,True,False,False,True,False,False,False,52,False,5E-05,8,8,1,0.01
0.548186779022217,0.902612224194776,0.781569965870307,0.852357320099256,0.721638655462185,3,2021-08-22 19:39:04.905962,gossipcop,gossipcop,basic,basic,True,False,False,True,False,False,False,53,False,5E-05,8,8,1,0.01
0.585820257663727,0.905401978189196,0.787947697555429,0.858736059479554,0.727941176470588,3,2021-08-22 22:36:51.858521,gossipcop,gossipcop,basic,basic,True,False,False,True,False,False,False,54,False,5E-05,8,8,1,0.01
0.487327456474304,0.907430890185138,0.798898071625344,0.840092699884125,0.761554621848739,3,2021-08-23 01:34:40.006533,gossipcop,gossipcop,basic,basic,True,False,False,True,False,False,False,55,False,5E-05,8,8,1,0.01
0.47284060716629,0.911742328176515,0.805803571428572,0.85952380952381,0.758403361344538,3,2021-08-23 04:32:40.464476,gossipcop,gossipcop,basic,basic,True,False,False,True,False,False,False,56,False,5E-05,8,8,1,0.01
0.482705980539322,0.895511032208978,0.774122807017544,0.809633027522936,0.741596638655462,3,2021-08-23 07:30:37.850128,gossipcop,gossipcop,basic,basic,True,False,False,True,False,False,False,57,False,5E-05,8,8,1,0.01
0.560247600078583,0.906416434187167,0.791643139469226,0.855921855921856,0.736344537815126,3,2021-08-23 10:28:15.040920,gossipcop,gossipcop,basic,basic,True,False,False,True,False,False,False,58,False,5E-05,8,8,1,0.01
0.475148379802704,0.912249556175501,0.799768518518518,0.890463917525773,0.725840336134454,3,2021-08-23 13:25:52.993673,gossipcop,gossipcop,basic,basic,True,False,False,True,False,False,False,59,False,5E-05,8,8,1,0.01
0.72176593542099,0.864316510271367,0.703601108033241,0.744431418522861,0.667016806722689,3,2021-08-23 16:03:50.796782,gossipcop,gossipcop,basic,basic,True,False,False,False,True,False,False,50,False,5E-05,8,8,1,0.01
0.741201043128967,0.863555668272889,0.700778642936596,0.74468085106383,0.661764705882353,3,2021-08-23 18:41:56.945067,gossipcop,gossipcop,basic,basic,True,False,False,False,True,False,False,51,False,5E-05,8,8,1,0.01
0.790584325790405,0.861780370276439,0.689458689458689,0.753424657534247,0.635504201680672,3,2021-08-23 21:19:55.619437,gossipcop,gossipcop,basic,basic,True,False,False,False,True,False,False,52,False,5E-05,8,8,1,0.01
0.753940939903259,0.863302054273396,0.693923906871096,0.755253399258344,0.641806722689076,3,2021-08-23 23:57:52.865052,gossipcop,gossipcop,basic,basic,True,False,False,False,True,False,False,53,False,5E-05,8,8,1,0.01
0.77614688873291,0.868627948262744,0.706681766704417,0.766584766584767,0.65546218487395,3,2021-08-24 02:35:45.155425,gossipcop,gossipcop,basic,basic,True,False,False,False,True,False,False,54,False,5E-05,8,8,1,0.01
0.751446962356567,0.861273142277454,0.695264623955432,0.740213523131673,0.65546218487395,3,2021-08-24 05:13:39.721533,gossipcop,gossipcop,basic,basic,True,False,False,False,True,False,False,55,False,5E-05,8,8,1,0.01
0.71274870634079,0.862033984275932,0.703380588876772,0.731292517006803,0.677521008403361,3,2021-08-24 07:51:40.385472,gossipcop,gossipcop,basic,basic,True,False,False,False,True,False,False,56,False,5E-05,8,8,1,0.01
0.720766544342041,0.86913517626173,0.71301446051168,0.757683215130024,0.673319327731092,3,2021-08-24 10:29:35.692891,gossipcop,gossipcop,basic,basic,True,False,False,False,True,False,False,57,False,5E-05,8,8,1,0.01
0.698842525482178,0.868881562262237,0.707744488411532,0.766217870257038,0.657563025210084,3,2021-08-24 13:08:06.883083,gossipcop,gossipcop,basic,basic,True,False,False,False,True,False,False,58,False,5E-05,8,8,1,0.01
0.739747226238251,0.866852650266295,0.693161893629456,0.78129117259552,0.622899159663866,3,2021-08-24 15:45:50.515559,gossipcop,gossipcop,basic,basic,True,False,False,False,True,False,False,59,False,5E-05,8,8,1,0.01
0.288329631090164,0.913517626172965,0.846327174402884,0.741120757695343,0.986344537815126,3,2021-08-24 17:35:10.192972,gossipcop,gossipcop,basic,basic,False,True,False,False,False,False,False,50,False,5E-05,8,8,1,0.01
0.300721138715744,0.912249556175501,0.844284428442844,0.738582677165354,0.985294117647059,3,2021-08-24 19:24:26.361279,gossipcop,gossipcop,basic,basic,False,True,False,False,False,False,False,51,False,5E-05,8,8,1,0.01
0.305548161268234,0.909713416180573,0.840787119856887,0.73208722741433,0.987394957983193,3,2021-08-24 21:13:40.423708,gossipcop,gossipcop,basic,basic,False,True,False,False,False,False,False,52,False,5E-05,8,8,1,0.01
0.315238475799561,0.907177276185645,0.837477797513322,0.725384615384615,0.990546218487395,3,2021-08-24 23:03:27.062979,gossipcop,gossipcop,basic,basic,False,True,False,False,False,False,False,53,False,5E-05,8,8,1,0.01
0.324704766273499,0.906923662186153,0.835940992400536,0.727626459143969,0.982142857142857,3,2021-08-25 00:52:42.538243,gossipcop,gossipcop,basic,basic,False,True,False,False,False,False,False,54,False,5E-05,8,8,1,0.01
0.326281756162643,0.907177276185645,0.837477797513322,0.725384615384615,0.990546218487395,3,2021-08-25 02:41:59.775328,gossipcop,gossipcop,basic,basic,False,True,False,False,False,False,False,55,False,5E-05,8,8,1,0.01
0.291958808898926,0.917321836165356,0.852888086642599,0.747626582278481,0.992647058823529,3,2021-08-25 04:31:14.297152,gossipcop,gossipcop,basic,basic,False,True,False,False,False,False,False,56,False,5E-05,8,8,1,0.01
0.312997162342072,0.912756784174487,0.845601436265709,0.738244514106583,0.989495798319328,3,2021-08-25 06:20:28.909818,gossipcop,gossipcop,basic,basic,False,True,False,False,False,False,False,57,False,5E-05,8,8,1,0.01
0.322719663381577,0.903373066193254,0.830741892492226,0.719784449576597,0.982142857142857,3,2021-08-25 08:09:45.829967,gossipcop,gossipcop,basic,basic,False,True,False,False,False,False,False,58,False,5E-05,8,8,1,0.01
0.286191433668137,0.916560994166878,0.851467268623025,0.746634996041172,0.990546218487395,3,2021-08-25 09:58:55.337549,gossipcop,gossipcop,basic,basic,False,True,False,False,False,False,False,59,False,5E-05,8,8,1,0.01
0.685117125511169,0.595485670809029,0.275329395729214,0.242594075260208,0.31827731092437,3,2021-08-25 11:58:36.754831,gossipcop,gossipcop,basic,basic,False,False,True,False,False,False,False,50,False,5E-05,8,8,1,0.01
0.699586629867554,0.480091301039817,0.313922356091031,0.230353634577603,0.492647058823529,3,2021-08-25 13:58:10.294299,gossipcop,gossipcop,basic,basic,False,False,True,False,False,False,False,51,False,5E-05,8,8,1,0.01
0.700805962085724,0.455997971088004,0.331567466500467,0.235711120957023,0.558823529411765,3,2021-08-25 15:57:40.887602,gossipcop,gossipcop,basic,basic,False,False,True,False,False,False,False,52,False,5E-05,8,8,1,0.01
0.698290586471558,0.504691858990616,0.340425531914894,0.250871080139373,0.529411764705882,3,2021-08-25 17:57:22.468017,gossipcop,gossipcop,basic,basic,False,False,True,False,False,False,False,53,False,5E-05,8,8,1,0.01
0.681579351425171,0.591427846817144,0.277254374158816,0.241973375097886,0.324579831932773,3,2021-08-25 19:56:59.372037,gossipcop,gossipcop,basic,basic,False,False,True,False,False,False,False,54,False,5E-05,8,8,1,0.01
0.69011652469635,0.519147856961704,0.333333333333333,0.250528541226216,0.497899159663866,3,2021-08-25 21:56:46.377250,gossipcop,gossipcop,basic,basic,False,False,True,False,False,False,False,55,False,5E-05,8,8,1,0.01
0.710544347763062,0.403246259193508,0.367643106691749,0.247020585048754,0.718487394957983,3,2021-08-25 23:56:52.329891,gossipcop,gossipcop,basic,basic,False,False,True,False,False,False,False,56,False,5E-05,8,8,1,0.01
0.700940191745758,0.439513061120974,0.363479262672811,0.250396825396825,0.66281512605042,3,2021-08-26 01:56:40.951301,gossipcop,gossipcop,basic,basic,False,False,True,False,False,False,False,57,False,5E-05,8,8,1,0.01
0.694813668727875,0.52244483895511,0.328698752228164,0.248785752833243,0.484243697478992,3,2021-08-26 03:56:11.835979,gossipcop,gossipcop,basic,basic,False,False,True,False,False,False,False,58,False,5E-05,8,8,1,0.01
0.693818926811218,0.49860512300279,0.339458737053124,0.248897599216071,0.533613445378151,3,2021-08-26 05:56:00.028682,gossipcop,gossipcop,basic,basic,False,False,True,False,False,False,False,59,False,5E-05,8,8,1,0.01
0.258340805768967,0.896779102206442,0.797814207650273,0.756833176248822,0.843487394957983,3,2021-08-26 07:56:30.000446,gossipcop,gossipcop,basic,basic,False,False,False,True,False,False,False,50,False,5E-05,8,8,1,0.01
0.265594720840454,0.858737002282526,0.750559785042544,0.654176424668228,0.880252100840336,3,2021-08-26 09:56:54.632582,gossipcop,gossipcop,basic,basic,False,False,False,True,False,False,False,51,False,5E-05,8,8,1,0.01
0.255212128162384,0.899315242201369,0.798987341772152,0.771260997067449,0.828781512605042,3,2021-08-26 11:57:11.170693,gossipcop,gossipcop,basic,basic,False,False,False,True,False,False,False,52,False,5E-05,8,8,1,0.01
0.275657832622528,0.898300786203398,0.799399699849925,0.763132760267431,0.839285714285714,3,2021-08-26 13:57:33.260678,gossipcop,gossipcop,basic,basic,False,False,False,True,False,False,False,53,False,5E-05,8,8,1,0.01
0.29021281003952,0.850114126299772,0.737216540684749,0.639167309175019,0.870798319327731,3,2021-08-26 15:58:01.333442,gossipcop,gossipcop,basic,basic,False,False,False,True,False,False,False,54,False,5E-05,8,8,1,0.01
0.2565598487854,0.896271874207456,0.792491121258245,0.766437684003925,0.820378151260504,3,2021-08-26 17:58:22.534180,gossipcop,gossipcop,basic,basic,False,False,False,True,False,False,False,55,False,5E-05,8,8,1,0.01
0.268928527832031,0.892467664215065,0.789890981169475,0.74765478424015,0.83718487394958,3,2021-08-26 19:58:49.458335,gossipcop,gossipcop,basic,basic,False,False,False,True,False,False,False,56,False,5E-05,8,8,1,0.01
0.274775624275208,0.850114126299772,0.736748329621381,0.639597834493426,0.868697478991597,3,2021-08-26 21:59:09.482887,gossipcop,gossipcop,basic,basic,False,False,False,True,False,False,False,57,False,5E-05,8,8,1,0.01
0.289648175239563,0.88840984022318,0.778449144008056,0.747582205029014,0.811974789915966,3,2021-08-26 23:59:23.707236,gossipcop,gossipcop,basic,basic,False,False,False,True,False,False,False,58,False,5E-05,8,8,1,0.01
0.273504257202148,0.852650266294699,0.737934145241317,0.646640316205534,0.859243697478992,3,2021-08-27 01:59:36.808069,gossipcop,gossipcop,basic,basic,False,False,False,True,False,False,False,59,False,5E-05,8,8,1,0.01
0.652355909347534,0.758559472482881,0,0,0,3,2021-08-27 03:42:23.129143,gossipcop,gossipcop,basic,basic,False,False,False,False,True,False,False,50,False,5E-05,8,8,1,0.01
0.600393295288086,0.758559472482881,0,0,0,3,2021-08-27 05:25:13.194374,gossipcop,gossipcop,basic,basic,False,False,False,False,True,False,False,51,False,5E-05,8,8,1,0.01
0.601069092750549,0.758559472482881,0,0,0,3,2021-08-27 07:08:17.612683,gossipcop,gossipcop,basic,basic,False,False,False,False,True,False,False,52,False,5E-05,8,8,1,0.01
0.635154485702515,0.758559472482881,0,0,0,3,2021-08-27 08:51:03.638492,gossipcop,gossipcop,basic,basic,False,False,False,False,True,False,False,53,False,5E-05,8,8,1,0.01
0.812415421009064,0.241440527517119,0.388968335035751,0.241440527517119,1,3,2021-08-27 10:34:02.690545,gossipcop,gossipcop,basic,basic,False,False,False,False,True,False,False,54,False,5E-05,8,8,1,0.01
0.856609761714935,0.241440527517119,0.388968335035751,0.241440527517119,1,3,2021-08-27 12:16:56.619166,gossipcop,gossipcop,basic,basic,False,False,False,False,True,False,False,55,False,5E-05,8,8,1,0.01
0.860454261302948,0.241440527517119,0.388968335035751,0.241440527517119,1,3,2021-08-27 13:59:50.359463,gossipcop,gossipcop,basic,basic,False,False,False,False,True,False,False,56,False,5E-05,8,8,1,0.01
0.969119071960449,0.241440527517119,0.388968335035751,0.241440527517119,1,3,2021-08-27 15:42:36.073256,gossipcop,gossipcop,basic,basic,False,False,False,False,True,False,False,57,False,5E-05,8,8,1,0.01
0.743782997131348,0.241440527517119,0.388968335035751,0.241440527517119,1,3,2021-08-27 17:25:22.737325,gossipcop,gossipcop,basic,basic,False,False,False,False,True,False,False,58,False,5E-05,8,8,1,0.01
0.716959297657013,0.241440527517119,0.388968335035751,0.241440527517119,1,3,2021-08-27 19:08:04.093232,gossipcop,gossipcop,basic,basic,False,False,False,False,True,False,False,59,False,5E-05,8,8,1,0.01
0.16760727763176,0.964240426071519,0.925436277102062,0.931842385516507,0.919117647058823,3,2021-08-27 22:32:28.224498,gossipcop,gossipcop,extractive,extractive,True,True,True,True,True,False,False,50,False,5E-05,8,8,1,0.01
0.219676658511162,0.954856708090287,0.90738813735692,0.898969072164948,0.915966386554622,3,2021-08-28 01:55:58.886950,gossipcop,gossipcop,extractive,extractive,True,True,True,True,True,False,False,51,False,5E-05,8,8,1,0.01
0.184876188635826,0.960182602079635,0.915089237425635,0.94314381270903,0.888655462184874,3,2021-08-28 05:19:30.468447,gossipcop,gossipcop,extractive,extractive,True,True,True,True,True,False,False,52,False,5E-05,8,8,1,0.01
0.237398400902748,0.953588638092823,0.901876675603217,0.921139101861993,0.883403361344538,3,2021-08-28 08:43:25.167807,gossipcop,gossipcop,extractive,extractive,True,True,True,True,True,False,False,53,False,5E-05,8,8,1,0.01
0.239183723926544,0.958660918082678,0.912318450779989,0.934950385887541,0.890756302521008,3,2021-08-28 12:07:32.987286,gossipcop,gossipcop,extractive,extractive,True,True,True,True,True,False,False,54,False,5E-05,8,8,1,0.01
0.213712304830551,0.9579000760842,0.910656620021528,0.933774834437086,0.888655462184874,3,2021-08-28 15:31:28.880486,gossipcop,gossipcop,extractive,extractive,True,True,True,True,True,False,False,55,False,5E-05,8,8,1,0.01
0.191243499517441,0.958407304083185,0.913774973711882,0.914736842105263,0.91281512605042,3,2021-08-28 18:55:29.306394,gossipcop,gossipcop,extractive,extractive,True,True,True,True,True,False,False,56,False,5E-05,8,8,1,0.01
0.177590817213058,0.962211514075577,0.921372031662269,0.92576882290562,0.917016806722689,3,2021-08-28 22:19:45.406928,gossipcop,gossipcop,extractive,extractive,True,True,True,True,True,False,False,57,False,5E-05,8,8,1,0.01
0.218394041061401,0.954856708090287,0.906708595387841,0.904811715481172,0.908613445378151,3,2021-08-29 01:43:30.868227,gossipcop,gossipcop,extractive,extractive,True,True,True,True,True,False,False,58,False,5E-05,8,8,1,0.01
0.258218497037888,0.951306112097388,0.895538628944505,0.928893905191874,0.864495798319328,3,2021-08-29 05:07:26.234908,gossipcop,gossipcop,extractive,extractive,True,True,True,True,True,False,False,59,False,5E-05,8,8,1,0.01
0.191599681973457,0.957646462084707,0.910166756320602,0.932745314222712,0.888655462184874,3,2021-08-29 08:31:45.533320,gossipcop,gossipcop,abstractive,abstractive,True,True,True,True,True,False,False,50,False,5E-05,8,8,1,0.01
0.222483485937119,0.952574182094852,0.903558535327488,0.887537993920973,0.920168067226891,3,2021-08-29 11:55:38.725253,gossipcop,gossipcop,abstractive,abstractive,True,True,True,True,True,False,False,51,False,5E-05,8,8,1,0.01
0.22111277282238,0.953081410093837,0.901333333333333,0.915492957746479,0.887605042016807,3,2021-08-29 15:19:30.595343,gossipcop,gossipcop,abstractive,abstractive,True,True,True,True,True,False,False,52,False,5E-05,8,8,1,0.01
0.22458553314209,0.956632006086736,0.908605024051309,0.924918389553863,0.892857142857143,3,2021-08-29 18:43:44.805308,gossipcop,gossipcop,abstractive,abstractive,True,True,True,True,True,False,False,53,False,5E-05,8,8,1,0.01
0.258623689413071,0.952066954095866,0.89811320754717,0.922480620155039,0.875,3,2021-08-29 22:08:06.806707,gossipcop,gossipcop,abstractive,abstractive,True,True,True,True,True,False,False,54,False,5E-05,8,8,1,0.01
0.232307270169258,0.950798884098402,0.898216159496327,0.89727463312369,0.899159663865546,3,2021-08-30 01:32:09.530910,gossipcop,gossipcop,abstractive,abstractive,True,True,True,True,True,False,False,55,False,5E-05,8,8,1,0.01
0.21170474588871,0.961197058077606,0.918918918918919,0.927272727272727,0.910714285714286,3,2021-08-30 04:56:22.440839,gossipcop,gossipcop,abstractive,abstractive,True,True,True,True,True,False,False,56,False,5E-05,8,8,1,0.01
0.205621019005775,0.957139234085722,0.91100579252238,0.913410770855333,0.908613445378151,3,2021-08-30 08:20:27.932895,gossipcop,gossipcop,abstractive,abstractive,True,True,True,True,True,False,False,57,False,5E-05,8,8,1,0.01
0.223149359226227,0.959675374080649,0.916006339144216,0.921360255047821,0.910714285714286,3,2021-08-30 11:44:29.463154,gossipcop,gossipcop,abstractive,abstractive,True,True,True,True,True,False,False,58,False,5E-05,8,8,1,0.01
0.219573825597763,0.954349480091301,0.903329752953813,0.924175824175824,0.883403361344538,3,2021-08-30 15:08:35.768739,gossipcop,gossipcop,abstractive,abstractive,True,True,True,True,True,False,False,59,False,5E-05,8,8,1,0.01
0.359684109687805,0.927272727272727,0.921052631578947,0.909090909090909,0.933333333333333,3,2021-09-27 17:24:17.354642,politifact,politifact,ensemble,ensemble,True,True,True,True,True,False,True,50,False,5E-05,8,8,1,0.01
0.191335916519165,0.957575757575757,0.95364238410596,0.947368421052632,0.96,3,2021-09-27 17:56:23.075755,politifact,politifact,ensemble,ensemble,True,True,True,True,True,False,True,51,False,5E-05,8,8,1,0.01
0.311140139897664,0.945454545454545,0.941176470588235,0.923076923076923,0.96,3,2021-09-27 18:27:45.042680,politifact,politifact,ensemble,ensemble,True,True,True,True,True,False,True,52,False,5E-05,8,8,1,0.01
0.178298632303874,0.963636363636364,0.96,0.96,0.96,3,2021-09-27 18:58:39.819501,politifact,politifact,ensemble,ensemble,True,True,True,True,True,False,True,53,False,5E-05,8,8,1,0.01
0.232423697908719,0.951515151515152,0.946666666666667,0.946666666666667,0.946666666666667,3,2021-09-27 19:29:27.483016,politifact,politifact,ensemble,ensemble,True,True,True,True,True,False,True,54,False,5E-05,8,8,1,0.01
0.233979687094688,0.939393939393939,0.930555555555556,0.971014492753623,0.893333333333333,3,2021-09-27 20:00:13.849792,politifact,politifact,ensemble,ensemble,True,True,True,True,True,False,True,55,False,5E-05,8,8,1,0.01
0.126784764230251,0.96969696969697,0.966442953020134,0.972972972972973,0.96,3,2021-09-27 20:30:54.336400,politifact,politifact,ensemble,ensemble,True,True,True,True,True,False,True,56,False,5E-05,8,8,1,0.01
0.161494803925355,0.96969696969697,0.966442953020134,0.972972972972973,0.96,3,2021-09-28 09:45:55.730697,politifact,politifact,ensemble,ensemble,True,True,True,True,True,False,True,57,False,5E-05,8,8,1,0.01
0.184800088405609,0.96969696969697,0.966442953020134,0.972972972972973,0.96,3,2021-09-28 10:17:04.267343,politifact,politifact,ensemble,ensemble,True,True,True,True,True,False,True,58,False,5E-05,8,8,1,0.01
0.136009439826012,0.96969696969697,0.96551724137931,1,0.933333333333333,3,2021-09-28 10:48:13.627284,politifact,politifact,ensemble,ensemble,True,True,True,True,True,False,True,59,False,5E-05,8,8,1,0.01
0.166409810384115,0.968298250063403,0.93368700265252,0.943193997856377,0.92436974789916,3,2021-09-28 21:08:13.976407,gossipcop,gossipcop,ensemble,ensemble,True,True,True,True,True,False,True,50,False,5E-05,8,8,1,0.01
0.20462366938591,0.961197058077606,0.91976927110645,0.918324607329843,0.921218487394958,3,2021-09-29 07:26:55.706400,gossipcop,gossipcop,ensemble,ensemble,True,True,True,True,True,False,True,51,False,5E-05,8,8,1,0.01
0.20400233566761,0.959928988080142,0.913943355119826,0.949095022624434,0.881302521008403,3,2021-09-29 17:46:27.551178,gossipcop,gossipcop,ensemble,ensemble,True,True,True,True,True,False,True,52,False,5E-05,8,8,1,0.01
0.230736389756203,0.961450672077099,0.919148936170213,0.931034482758621,0.907563025210084,3,2021-09-30 04:05:46.385006,gossipcop,gossipcop,ensemble,ensemble,True,True,True,True,True,False,True,53,False,5E-05,8,8,1,0.01
0.266595373551051,0.958914532082171,0.91280947255113,0.93598233995585,0.890756302521008,3,2021-09-30 14:24:20.067130,gossipcop,gossipcop,ensemble,ensemble,True,True,True,True,True,False,True,54,False,5E-05,8,8,1,0.01
0.200039530793826,0.960943444078113,0.91843220338983,0.926282051282051,0.910714285714286,3,2021-10-01 00:44:38.504848,gossipcop,gossipcop,ensemble,ensemble,True,True,True,True,True,False,True,55,False,5E-05,8,8,1,0.01
0.185831770300865,0.969059092061882,0.935175345377258,0.946236559139785,0.92436974789916,3,2021-10-01 11:03:46.746984,gossipcop,gossipcop,ensemble,ensemble,True,True,True,True,True,False,True,56,False,5E-05,8,8,1,0.01
0.185813958446185,0.966269338067461,0.929963138493944,0.932418162618796,0.927521008403361,3,2021-10-01 21:22:28.704883,gossipcop,gossipcop,ensemble,ensemble,True,True,True,True,True,False,True,57,False,5E-05,8,8,1,0.01
0.210000748435656,0.963479584073041,0.923728813559322,0.931623931623932,0.915966386554622,3,2021-10-02 07:41:01.984659,gossipcop,gossipcop,ensemble,ensemble,True,True,True,True,True,False,True,58,False,5E-05,8,8,1,0.01
0.228205631176631,0.961957900076084,0.919093851132686,0.944567627494457,0.894957983193277,3,2021-10-02 17:59:50.831093,gossipcop,gossipcop,ensemble,ensemble,True,True,True,True,True,False,True,59,False,5E-05,8,8,1,0.01
